{
  "benchmark": "terminal-pipeline",
  "label": "dev-revival",
  "timestamp": "2026-07-03T05:48:50.889Z",
  "terminal": {
    "program": "Orca",
    "version": "1.4.120-rc.2",
    "term": "xterm-256color",
    "cols": 282,
    "rows": 80,
    "tty": true
  },
  "machine": {
    "platform": "darwin",
    "arch": "arm64",
    "cpu": "Apple M4",
    "release": "25.2.0",
    "node": "v26.0.0"
  },
  "config": {
    "sizeMb": 3,
    "iterations": 5,
    "dsrCount": 200
  },
  "dsrIdle": {
    "count": 200,
    "p50": 3.084292000000005,
    "p90": 11.071915999999874,
    "p99": 89.00970800000005,
    "max": 211.7620420000003,
    "timeouts": 0
  },
  "throughput": [
    {
      "fixture": "ascii-log",
      "fixtureBytes": 3145851,
      "wallMs": {
        "count": 5,
        "p50": 647.8311670000003,
        "p90": 1035.688792,
        "p99": 1035.688792,
        "max": 1035.688792
      },
      "mbPerSec": {
        "count": 5,
        "p50": 4.6310172383863035,
        "p90": 4.934189745046334,
        "p99": 4.934189745046334,
        "max": 4.934189745046334
      }
    },
    {
      "fixture": "cjk-emoji",
      "fixtureBytes": 3145785,
      "wallMs": {
        "count": 5,
        "p50": 393.37325000000055,
        "p90": 428.6924170000002,
        "p99": 428.6924170000002,
        "max": 428.6924170000002
      },
      "mbPerSec": {
        "count": 5,
        "p50": 7.626482887273171,
        "p90": 7.898089365003989,
        "p99": 7.898089365003989,
        "max": 7.898089365003989
      }
    },
    {
      "fixture": "agent-tui",
      "fixtureBytes": 3146560,
      "wallMs": {
        "count": 5,
        "p50": 417.20916600000055,
        "p90": 446.824208,
        "p99": 446.824208,
        "max": 446.824208
      },
      "mbPerSec": {
        "count": 5,
        "p50": 7.192539621795476,
        "p90": 7.280721744293261,
        "p99": 7.280721744293261,
        "max": 7.280721744293261
      }
    },
    {
      "fixture": "styles-stress",
      "fixtureBytes": 3145734,
      "wallMs": {
        "count": 5,
        "p50": 1040.9895419999993,
        "p90": 1709.977499999999,
        "p99": 1709.977499999999,
        "max": 1709.977499999999
      },
      "mbPerSec": {
        "count": 5,
        "p50": 2.8818788287557076,
        "p90": 3.0229640000145133,
        "p99": 3.0229640000145133,
        "max": 3.0229640000145133
      }
    }
  ],
  "dsrUnderLoad": {
    "paceBytesPerSec": 1048576,
    "count": 50,
    "p50": 18.78166699999929,
    "p90": 29.373999999999796,
    "p99": 461.2625420000004,
    "max": 461.2625420000004,
    "timeouts": 0
  }
}
