{
  "benchmark": "terminal-pipeline",
  "label": "dev-revival",
  "timestamp": "2026-07-03T05:48:25.742Z",
  "terminal": {
    "program": "Orca",
    "version": "1.4.120-rc.2",
    "term": "xterm-256color",
    "cols": 282,
    "rows": 80,
    "tty": true
  },
  "machine": {
    "platform": "darwin",
    "arch": "arm64",
    "cpu": "Apple M4",
    "release": "25.2.0",
    "node": "v26.0.0"
  },
  "config": {
    "sizeMb": 3,
    "iterations": 5,
    "dsrCount": 200
  },
  "dsrIdle": {
    "count": 200,
    "p50": 5.245665999999801,
    "p90": 17.31204099999991,
    "p99": 34.08983400000011,
    "max": 156.72495800000024,
    "timeouts": 0
  },
  "throughput": [
    {
      "fixture": "ascii-log",
      "fixtureBytes": 3145851,
      "wallMs": {
        "count": 5,
        "p50": 1912.8423330000005,
        "p90": 2631.2401250000003,
        "p99": 2631.2401250000003,
        "max": 2631.2401250000003
      },
      "mbPerSec": {
        "count": 5,
        "p50": 1.5684080439790837,
        "p90": 2.1164304331596173,
        "p99": 2.1164304331596173,
        "max": 2.1164304331596173
      }
    },
    {
      "fixture": "cjk-emoji",
      "fixtureBytes": 3145785,
      "wallMs": {
        "count": 5,
        "p50": 1277.332957999999,
        "p90": 1365.1769170000007,
        "p99": 1365.1769170000007,
        "max": 1365.1769170000007
      },
      "mbPerSec": {
        "count": 5,
        "p50": 2.348686253373913,
        "p90": 2.6982534727130028,
        "p99": 2.6982534727130028,
        "max": 2.6982534727130028
      }
    },
    {
      "fixture": "agent-tui",
      "fixtureBytes": 3146560,
      "wallMs": {
        "count": 5,
        "p50": 3455.798499999997,
        "p90": 4803.895792000003,
        "p99": 4803.895792000003,
        "max": 4803.895792000003
      },
      "mbPerSec": {
        "count": 5,
        "p50": 0.8683357716114677,
        "p90": 1.8452134598113068,
        "p99": 1.8452134598113068,
        "max": 1.8452134598113068
      }
    },
    {
      "fixture": "styles-stress",
      "fixtureBytes": 3145734,
      "wallMs": {
        "count": 5,
        "p50": 1276.9937910000008,
        "p90": 2383.141208000001,
        "p99": 2383.141208000001,
        "max": 2383.141208000001
      },
      "mbPerSec": {
        "count": 5,
        "p50": 2.349271972337958,
        "p90": 2.9355447093031417,
        "p99": 2.9355447093031417,
        "max": 2.9355447093031417
      }
    }
  ],
  "dsrUnderLoad": {
    "paceBytesPerSec": 1048576,
    "count": 50,
    "p50": 194.18379200000345,
    "p90": 452.4702499999985,
    "p99": 786.5632499999992,
    "max": 786.5632499999992,
    "timeouts": 0
  }
}
