{
  "benchmark": "terminal-pipeline",
  "label": "dev-perfbranch-jul02",
  "timestamp": "2026-07-03T01:33:06.524Z",
  "terminal": {
    "program": "Orca",
    "version": "1.4.116",
    "term": "xterm-256color",
    "cols": 282,
    "rows": 84,
    "tty": true
  },
  "machine": {
    "platform": "darwin",
    "arch": "arm64",
    "cpu": "Apple M4",
    "release": "25.2.0",
    "node": "v26.0.0"
  },
  "config": {
    "sizeMb": 3,
    "iterations": 5,
    "dsrCount": 200
  },
  "dsrIdle": {
    "count": 200,
    "p50": 0.6424999999999272,
    "p90": 3.931582999999989,
    "p99": 21.238708000000003,
    "max": 38.91833300000002,
    "timeouts": 0
  },
  "throughput": [
    {
      "fixture": "ascii-log",
      "fixtureBytes": 3145851,
      "wallMs": {
        "count": 5,
        "p50": 405.64704200000006,
        "p90": 421.090375,
        "p99": 421.090375,
        "max": 421.090375
      },
      "mbPerSec": {
        "count": 5,
        "p50": 7.395881126481671,
        "p90": 8.221432823029724,
        "p99": 8.221432823029724,
        "max": 8.221432823029724
      }
    },
    {
      "fixture": "cjk-emoji",
      "fixtureBytes": 3145785,
      "wallMs": {
        "count": 5,
        "p50": 304.8740830000006,
        "p90": 316.7289579999997,
        "p99": 316.7289579999997,
        "max": 316.7289579999997
      },
      "mbPerSec": {
        "count": 5,
        "p50": 9.840306299292843,
        "p90": 10.003703335336104,
        "p99": 10.003703335336104,
        "max": 10.003703335336104
      }
    },
    {
      "fixture": "agent-tui",
      "fixtureBytes": 3146560,
      "wallMs": {
        "count": 5,
        "p50": 3974.032124999998,
        "p90": 4036.734625,
        "p99": 4036.734625,
        "max": 4036.734625
      },
      "mbPerSec": {
        "count": 5,
        "p50": 0.7551004528005046,
        "p90": 0.7662617487537335,
        "p99": 0.7662617487537335,
        "max": 0.7662617487537335
      }
    },
    {
      "fixture": "styles-stress",
      "fixtureBytes": 3145734,
      "wallMs": {
        "count": 5,
        "p50": 787.1671669999996,
        "p90": 2316.042792,
        "p99": 2316.042792,
        "max": 2316.042792
      },
      "mbPerSec": {
        "count": 5,
        "p50": 3.8111418359575713,
        "p90": 4.57063953044237,
        "p99": 4.57063953044237,
        "max": 4.57063953044237
      }
    }
  ],
  "dsrUnderLoad": {
    "paceBytesPerSec": 1048576,
    "count": 50,
    "p50": 161.33287500000006,
    "p90": 173.14554099999805,
    "p99": 193.39420899999823,
    "max": 193.39420899999823,
    "timeouts": 0
  }
}
