{
  "benchmark": "terminal-pipeline",
  "label": "dev-revival2",
  "timestamp": "2026-07-03T05:53:25.760Z",
  "terminal": {
    "program": "Orca",
    "version": "1.4.120-rc.2",
    "term": "xterm-256color",
    "cols": 282,
    "rows": 80,
    "tty": true
  },
  "machine": {
    "platform": "darwin",
    "arch": "arm64",
    "cpu": "Apple M4",
    "release": "25.2.0",
    "node": "v26.0.0"
  },
  "config": {
    "sizeMb": 3,
    "iterations": 5,
    "dsrCount": 200
  },
  "dsrIdle": {
    "count": 200,
    "p50": 2.3597920000001977,
    "p90": 10.972208000000023,
    "p99": 36.997499999999945,
    "max": 81.56524999999988,
    "timeouts": 0
  },
  "throughput": [
    {
      "fixture": "ascii-log",
      "fixtureBytes": 3145851,
      "wallMs": {
        "count": 5,
        "p50": 1349.3462909999998,
        "p90": 4135.0645,
        "p99": 4135.0645,
        "max": 4135.0645
      },
      "mbPerSec": {
        "count": 5,
        "p50": 2.223385740155355,
        "p90": 3.1981242356838337,
        "p99": 3.1981242356838337,
        "max": 3.1981242356838337
      }
    },
    {
      "fixture": "cjk-emoji",
      "fixtureBytes": 3145785,
      "wallMs": {
        "count": 5,
        "p50": 1173.3639580000017,
        "p90": 4102.448582999999,
        "p99": 4102.448582999999,
        "max": 4102.448582999999
      },
      "mbPerSec": {
        "count": 5,
        "p50": 2.556797777008275,
        "p90": 2.961108135944927,
        "p99": 2.961108135944927,
        "max": 2.961108135944927
      }
    },
    {
      "fixture": "agent-tui",
      "fixtureBytes": 3146560,
      "wallMs": {
        "count": 5,
        "p50": 1066.4788750000007,
        "p90": 2590.441917,
        "p99": 2590.441917,
        "max": 2590.441917
      },
      "mbPerSec": {
        "count": 5,
        "p50": 2.8137392379490387,
        "p90": 3.678888481189378,
        "p99": 3.678888481189378,
        "max": 3.678888481189378
      }
    },
    {
      "fixture": "styles-stress",
      "fixtureBytes": 3145734,
      "wallMs": {
        "count": 5,
        "p50": 1232.3183749999953,
        "p90": 1979.4315830000014,
        "p99": 1979.4315830000014,
        "max": 1979.4315830000014
      },
      "mbPerSec": {
        "count": 5,
        "p50": 2.434440468394306,
        "p90": 2.692433050480921,
        "p99": 2.692433050480921,
        "max": 2.692433050480921
      }
    }
  ],
  "dsrUnderLoad": {
    "paceBytesPerSec": 1048576,
    "count": 50,
    "p50": 19.20762499999546,
    "p90": 24.295250000002852,
    "p99": 29.181833999995433,
    "max": 29.181833999995433,
    "timeouts": 0
  }
}
